Label,proportion
1,0.19978977400705758
0,0.8002102259929424
